id,First Name,Last Name
PLYR001,James,Walker
PLYR002,Velma,Clemons
PLYR003,Kibo,Underwood
PLYR004,Louis,Mcgee
PLYR005,Phyllis,Paul
PLYR006,Zenaida,Decker
PLYR007,Gillian,Tillman
PLYR008,Constance,Boone
PLYR009,Giselle,Lancaster
PLYR010,Kirsten,Mcdowell
PLYR011,Solomon,Ray
PLYR012,John,Marshall
PLYR013,Merrill,Carney
PLYR014,Hakeem,Gillespie
PLYR015,Hayden,Boyer
PLYR016,Griffin,Mcleod
PLYR017,Allistair,Patton
PLYR018,Rina,Slater
PLYR019,Caldwell,Skinner
PLYR020,Portia,Galloway
PLYR021,Noelle,Valentine
PLYR022,Abel,Clay
PLYR023,Stephanie,Kent
PLYR024,Axel,Petty
PLYR025,Nevada,Morales
PLYR026,Fuller,Bush
PLYR027,Quinn,Mayo
PLYR028,Marcia,Shepard
PLYR029,Kieran,Moody
PLYR030,Brielle,Thompson
PLYR031,Hashim,Gay
PLYR032,Deborah,Roberts
PLYR033,Nomlanga,Clarke
PLYR034,Elaine,Downs
PLYR035,Christen,Ballard
PLYR036,Dacey,Baxter
PLYR037,Nasim,Sampson
PLYR038,Yoshi,Sherman
PLYR039,Veda,Malone
PLYR040,Scarlett,Fisher
PLYR041,Meredith,Parsons
PLYR042,Jerome,Buckley
PLYR043,Jacob,Foreman
PLYR044,Gisela,Robertson
PLYR045,Sylvia,Kent
PLYR046,Mercedes,King
PLYR047,Logan,Madden
PLYR048,Ryan,Herman
PLYR049,Cora,Frazier
PLYR050,Yolanda,Carter
PLYR051,Hadassah,Lowe
PLYR052,Ingrid,Yang
PLYR053,Trevor,Spence
PLYR054,Iola,West
PLYR055,Kitra,Sparks
PLYR056,Carly,Bray
PLYR057,Leilani,Beard
PLYR058,Cameron,Bowen
PLYR059,Hilda,Oneill
PLYR060,Ori,Short
PLYR061,Xandra,Cardenas
PLYR062,Audrey,Todd
PLYR063,Ferdinand,Lloyd
PLYR064,Kareem,Mcdowell
PLYR065,Aaron,Giles
PLYR066,Keefe,Schneider
PLYR067,Kasper,Ballard
PLYR068,Maris,Turner
PLYR069,Ava,Robertson
PLYR070,Gillian,Benton
PLYR071,Dora,Landry
PLYR072,Aimee,Eaton
PLYR073,Iola,Sutton
PLYR074,Jana,Reed
PLYR075,Alfonso,Love
PLYR076,Ciaran,Mosley
PLYR077,Justin,Evans
PLYR078,Ryder,Combs
PLYR079,Nelle,Skinner
PLYR080,Jakeem,Rivera
PLYR081,Hyatt,Long
PLYR082,Tanisha,Stanton
PLYR083,Alec,Pittman
PLYR084,Octavia,Ashley
PLYR085,Curran,Merrill
PLYR086,Laith,Gibbs
PLYR087,Walter,Skinner
PLYR088,Burke,Horn
PLYR089,Alexander,Walton
PLYR090,Cally,Wilkinson
PLYR091,Gary,Mcintosh
PLYR092,Jacob,Greer
PLYR093,Fitzgerald,Mueller
PLYR094,Claire,Roberts
PLYR095,Kuame,Harrell
PLYR096,Kaseem,Hurst
PLYR097,Irene,Witt
PLYR098,Courtney,Nash
PLYR099,Lane,Torres
PLYR100,Jonas,Vinson
PLYR101,Burton,Holden
PLYR102,Connor,Shaw
PLYR103,Calvin,Riddle
PLYR104,Tara,Mendez
PLYR105,Myra,Wall
PLYR106,Pandora,Orr
PLYR107,Stuart,Crawford
PLYR108,Winter,Mendez
PLYR109,Elijah,Goff
PLYR110,Chiquita,Gilmore
PLYR111,Eleanor,Gregory
PLYR112,Justine,Soto
PLYR113,Stuart,Mcdaniel
PLYR114,Shaeleigh,Dunlap
PLYR115,Lesley,Bolton
PLYR116,Shellie,Davis
PLYR117,Tarik,Jarvis
PLYR118,Adria,Ball
PLYR119,Daryl,Tillman
PLYR120,Magee,Tate
PLYR121,Jordan,Beasley
PLYR122,Dalton,Becker
PLYR123,Derek,Burnett
PLYR124,Halla,Little
PLYR125,Lani,Pate
PLYR126,Moses,Chang
PLYR127,Travis,Weeks
PLYR128,Nichole,Ortega
PLYR129,Hasad,Berger
PLYR130,Galvin,Hall
PLYR131,Kieran,English
PLYR132,Ella,Dunn
PLYR133,Jermaine,Roman
PLYR134,Chadwick,Armstrong
PLYR135,Rhonda,Ellis
PLYR136,Ezra,Brooks
PLYR137,Jessamine,Trevino
PLYR138,Chaim,Garrison
PLYR139,Bo,Leonard
PLYR140,May,Christian
PLYR141,Ashton,Nicholson
PLYR142,Solomon,Rollins
PLYR143,Wesley,Jacobson
PLYR144,Laura,Gomez
PLYR145,Cora,Fuentes
PLYR146,Deirdre,Flowers
PLYR147,Yen,Rutledge
PLYR148,Vladimir,Delgado
PLYR149,Hedley,Brewer
PLYR150,Lillian,Massey
PLYR151,MacKensie,Lopez
PLYR152,Raja,Conley
PLYR153,Xavier,Coffey
PLYR154,Ian,Sawyer
PLYR155,Branden,Hansen
PLYR156,Yoshio,Schultz
PLYR157,Jamal,Mercado
PLYR158,Ishmael,Zamora
PLYR159,Kristen,Potter
PLYR160,Unity,Rodriquez
PLYR161,Mia,Barry
PLYR162,Vincent,Byers
PLYR163,Rogan,Edwards
PLYR164,Darrel,Wallace
PLYR165,Colin,Adkins
PLYR166,Hop,Cantu
PLYR167,Nita,Valdez
PLYR168,Georgia,Gomez
PLYR169,Shannon,Fields
PLYR170,Jennifer,Keith
PLYR171,Keane,Cox
PLYR172,Sage,Foster
PLYR173,Ezra,Hoover
PLYR174,Burton,Burke
PLYR175,Preston,Barrera
PLYR176,Octavia,Monroe
PLYR177,Kirestin,Sweet
PLYR178,Octavius,Chambers
PLYR179,Grady,Decker
PLYR180,Jenette,Humphrey
PLYR181,Hayley,Hull
PLYR182,Mohammad,Cantrell
PLYR183,Alma,Richmond
PLYR184,Galena,Mayer
PLYR185,Reese,Black
PLYR186,Phillip,Ward
PLYR187,Priscilla,Higgins
PLYR188,Yael,Trujillo
PLYR189,Demetrius,Castaneda
PLYR190,Todd,Dillard
PLYR191,Noelle,Marsh
PLYR192,Akeem,Chan
PLYR193,Victoria,Long
PLYR194,Brooke,Zimmerman
PLYR195,Cadman,Greene
PLYR196,Yen,Bowers
PLYR197,Ryan,Pena
PLYR198,Portia,Hamilton
PLYR199,Sydnee,Chambers
PLYR200,Stacy,Small